0.0,0.0,0.11458333333333333,0.0,0.0,0.0,0.11458333333333333,0.125,0.0,0.0,0.0,0.020833333333333332,0.0,0.0,0.0,0.0,0.0,0.0,0.0,0.010416666666666666,0.0,0.25,0.0,0.0,0.0625,0.010416666666666666,0.0,0.0,0.0,0.0,0.0,0.2916666666666667
0.0,0.0,0.06493506493506493,0.0,0.0,0.0,0.09090909090909091,0.06493506493506493,0.0,0.19480519480519481,0.0,0.12987012987012986,0.0,0.0,0.06493506493506493,0.0,0.0,0.0,0.0,0.0,0.0,0.14285714285714285,0.0,0.012987012987012988,0.012987012987012988,0.0,0.07792207792207792,0.0,0.1038961038961039,0.0,0.012987012987012988,0.025974025974025976
0.0,0.0,0.016042780748663103,0.0,0.18716577540106952,0.0053475935828877,0.0106951871657754,0.016042780748663103,0.0053475935828877,0.10695187165775401,0.0,0.0427807486631016,0.0,0.0,0.0,0.0,0.0,0.0,0.0,0.03208556149732621,0.12834224598930483,0.22459893048128343,0.0,0.0,0.053475935828877004,0.0,0.0106951871657754,0.0,0.0,0.0748663101604278,0.0,0.0855614973262032
0.0,0.0,0.04666666666666667,0.0,0.016666666666666666,0.0,0.08333333333333333,0.01,0.07333333333333333,0.016666666666666666,0.19666666666666666,0.006666666666666667,0.0,0.0,0.0,0.0,0.023333333333333334,0.0,0.06666666666666667,0.03666666666666667,0.2,0.08333333333333333,0.0,0.0,0.0,0.03333333333333333,0.006666666666666667,0.09,0.0,0.01,0.0,0.0
0.00036036036036036037,0.0005405405405405405,0.016216216216216217,0.00954954954954955,0.0609009009009009,0.03189189189189189,0.08576576576576576,0.1063063063063063,0.014774774774774775,0.12612612612612611,0.0,0.062162162162162166,0.0018018018018018018,0.00018018018018018018,0.002882882882882883,0.0190990990990991,0.0005405405405405405,0.027567567567567567,0.011171171171171172,0.023603603603603602,0.08,0.1336936936936937,0.0075675675675675675,0.0,0.02846846846846847,0.03873873873873874,0.058738738738738736,0.0007207207207207207,0.0,0.029009009009009008,0.0,0.021621621621621623
0.0,0.0,0.015873015873015872,0.005952380952380952,0.017857142857142856,0.03571428571428571,0.03968253968253968,0.001984126984126984,0.013888888888888888,0.047619047619047616,0.0,0.1527777777777778,0.0,0.0,0.0,0.041666666666666664,0.0,0.00992063492063492,0.003968253968253968,0.04365079365079365,0.003968253968253968,0.5238095238095238,0.005952380952380952,0.0,0.005952380952380952,0.003968253968253968,0.011904761904761904,0.007936507936507936,0.0,0.0,0.0,0.005952380952380952
0.08484848484848485,0.10909090909090909,0.18181818181818182,0.012121212121212121,0.0,0.006060606060606061,0.03636363636363636,0.07272727272727272,0.0,0.10303030303030303,0.0,0.01818181818181818,0.0,0.05454545454545454,0.0,0.006060606060606061,0.01818181818181818,0.0,0.006060606060606061,0.006060606060606061,0.0,0.07878787878787878,0.0,0.0,0.0,0.0,0.04242424242424243,0.09090909090909091,0.0,0.03636363636363636,0.0,0.03636363636363636
0.0,0.02666666666666667,0.08,0.013333333333333334,0.02666666666666667,0.006666666666666667,0.0,0.0,0.07333333333333333,0.0,0.006666666666666667,0.2,0.0,0.006666666666666667,0.0,0.013333333333333334,0.006666666666666667,0.02,0.0,0.06,0.02666666666666667,0.07333333333333333,0.0,0.006666666666666667,0.02666666666666667,0.12,0.12666666666666668,0.03333333333333333,0.0,0.0,0.0,0.04666666666666667
0.21666666666666667,0.05,0.03333333333333333,0.0,0.0,0.0,0.11666666666666667,0.05,0.0,0.0,0.13333333333333333,0.016666666666666666,0.0,0.2833333333333333,0.016666666666666666,0.0,0.0,0.03333333333333333,0.0,0.0,0.0,0.016666666666666666,0.0,0.0,0.0,0.0,0.016666666666666666,0.0,0.0,0.0,0.0,0.016666666666666666
0.0,0.0,0.5079365079365079,0.0,0.0,0.0,0.015873015873015872,0.0,0.0,0.0,0.0,0.09523809523809523,0.047619047619047616,0.0,0.015873015873015872,0.031746031746031744,0.031746031746031744,0.031746031746031744,0.0,0.0,0.0,0.031746031746031744,0.0,0.0,0.0,0.0,0.031746031746031744,0.06349206349206349,0.09523809523809523,0.0,0.0,0.0
0.0,0.0,0.008547008547008548,0.0,0.13675213675213677,0.0,0.13675213675213677,0.05982905982905983,0.008547008547008548,0.19658119658119658,0.0,0.008547008547008548,0.0,0.0,0.0,0.0,0.0,0.0,0.0,0.02564102564102564,0.08547008547008547,0.2905982905982906,0.0,0.0,0.0,0.0,0.0,0.0,0.0,0.0,0.0,0.042735042735042736
0.0,0.002162162162162162,0.06594594594594595,0.08,0.028648648648648647,0.011891891891891892,0.023783783783783784,0.1345945945945946,0.02810810810810811,0.02054054054054054,0.003243243243243243,0.023783783783783784,0.012972972972972972,0.001081081081081081,0.0,0.023783783783783784,0.14972972972972973,0.025945945945945945,0.036216216216216214,0.025945945945945945,0.006486486486486486,0.02810810810810811,0.09891891891891892,0.002162162162162162,0.0,0.010810810810810811,0.025945945945945945,0.09675675675675675,0.0,0.023783783783783784,0.0,0.008648648648648649
0.07142857142857142,0.023809523809523808,0.047619047619047616,0.16666666666666666,0.0,0.0,0.0,0.0,0.0,0.0,0.0,0.023809523809523808,0.19047619047619047,0.16666666666666666,0.07142857142857142,0.023809523809523808,0.0,0.09523809523809523,0.0,0.0,0.0,0.023809523809523808,0.0,0.0,0.0,0.0,0.09523809523809523,0.0,0.0,0.0,0.0,0.0
0.0,0.042105263157894736,0.3105263157894737,0.0,0.0,0.0,0.05789473684210526,0.06315789473684211,0.0,0.10526315789473684,0.0,0.09473684210526316,0.0,0.0,0.0,0.0,0.07894736842105263,0.021052631578947368,0.0,0.0,0.002631578947368421,0.1394736842105263,0.0,0.005263157894736842,0.013157894736842105,0.0,0.0,0.002631578947368421,0.0,0.0,0.0,0.06315789473684211
0.014285714285714285,0.0,0.04285714285714286,0.014285714285714285,0.04285714285714286,0.0,0.0,0.0,0.0,0.0,0.05714285714285714,0.12857142857142856,0.08571428571428572,0.14285714285714285,0.0,0.11428571428571428,0.0,0.0,0.0,0.02857142857142857,0.0,0.05714285714285714,0.014285714285714285,0.014285714285714285,0.02857142857142857,0.0,0.11428571428571428,0.0,0.0,0.0,0.0,0.1
0.0,0.0,0.01618457300275482,0.09383608815426997,0.030991735537190084,0.0590564738292011,0.01756198347107438,0.011535812672176309,0.24018595041322313,0.0005165289256198347,0.003443526170798898,0.027203856749311296,0.0003443526170798898,0.0,0.005337465564738292,0.03856749311294766,0.0,0.014290633608815427,0.008953168044077135,0.052169421487603305,0.006198347107438017,0.06577134986225895,0.013257575757575758,0.02255509641873278,0.11931818181818182,0.0678374655647383,0.030991735537190084,0.009297520661157025,0.0015495867768595042,0.005509641873278237,0.0,0.03753443526170799
0.03,0.014166666666666666,0.04666666666666667,0.0,0.03916666666666667,0.0,0.03833333333333333,0.0016666666666666668,0.02666666666666667,0.004166666666666667,0.07916666666666666,0.015,0.0033333333333333335,0.16416666666666666,0.029166666666666667,0.0008333333333333334,0.005,0.004166666666666667,0.004166666666666667,0.005,0.0033333333333333335,0.21833333333333332,0.0,0.0,0.0,0.035,0.15583333333333332,0.05416666666666667,0.0,0.013333333333333334,0.0,0.009166666666666667
0.35,0.26666666666666666,0.013333333333333334,0.0,0.006666666666666667,0.006666666666666667,0.016666666666666666,0.02666666666666667,0.0,0.043333333333333335,0.0,0.016666666666666666,0.006666666666666667,0.0,0.006666666666666667,0.03,0.02,0.0,0.006666666666666667,0.006666666666666667,0.0,0.08,0.03,0.0,0.0,0.013333333333333334,0.013333333333333334,0.006666666666666667,0.0,0.02666666666666667,0.0,0.006666666666666667
0.0,0.0,0.0375,0.0,0.0,0.0,0.10625,0.0875,0.0,0.05,0.0,0.0875,0.0,0.00625,0.0,0.00625,0.0,0.38125,0.0,0.0,0.0,0.09375,0.0,0.0,0.0,0.00625,0.0375,0.075,0.0,0.01875,0.0,0.00625
0.12626262626262627,0.0,0.3421717171717172,0.0,0.006313131313131313,0.02904040404040404,0.01893939393939394,0.007575757575757576,0.03535353535353535,0.005050505050505051,0.0,0.08964646464646464,0.0,0.013888888888888888,0.0,0.011363636363636364,0.036616161616161616,0.08838383838383838,0.0,0.007575757575757576,0.0012626262626262627,0.08080808080808081,0.011363636363636364,0.0,0.0,0.007575757575757576,0.04419191919191919,0.003787878787878788,0.0,0.0025252525252525255,0.0,0.030303030303030304
0.0546875,0.234375,0.013020833333333334,0.06901041666666667,0.0,0.0078125,0.07291666666666667,0.22395833333333334,0.00390625,0.0026041666666666665,0.0,0.018229166666666668,0.014322916666666666,0.14973958333333334,0.015625,0.045572916666666664,0.0,0.0234375,0.0,0.0026041666666666665,0.0,0.009114583333333334,0.0026041666666666665,0.0,0.0,0.0013020833333333333,0.014322916666666666,0.01953125,0.0,0.0013020833333333333,0.0,0.0
0.0,0.0,0.06918918918918919,0.06864864864864866,0.0016216216216216215,0.11297297297297297,0.0,0.0,0.012432432432432432,0.0,0.0,0.10324324324324324,0.004324324324324324,0.0,0.0005405405405405405,0.11351351351351352,0.0075675675675675675,0.14864864864864866,0.036756756756756756,0.047027027027027025,0.02702702702702703,0.003243243243243243,0.012972972972972972,0.0,0.04108108108108108,0.0016216216216216215,0.028648648648648647,0.11459459459459459,0.0,0.0,0.0,0.04432432432432432
0.0,0.00037037037037037035,0.026296296296296297,0.22407407407407406,0.03333333333333333,0.06888888888888889,0.0014814814814814814,0.0,0.02074074074074074,0.005925925925925926,0.00037037037037037035,0.03777777777777778,0.006296296296296296,0.0,0.001851851851851852,0.06518518518518518,0.032962962962962965,0.04703703703703704,0.03777777777777778,0.07666666666666666,0.035925925925925924,0.05,0.02925925925925926,0.0,0.07296296296296297,0.003703703703703704,0.014074074074074074,0.04777777777777778,0.0,0.016666666666666666,0.0,0.04259259259259259
0.0,0.02857142857142857,0.2857142857142857,0.0,0.014285714285714285,0.0,0.014285714285714285,0.0,0.014285714285714285,0.0,0.04285714285714286,0.1,0.0,0.0,0.0,0.0,0.04285714285714286,0.02857142857142857,0.0,0.014285714285714285,0.0,0.2,0.0,0.02857142857142857,0.0,0.014285714285714285,0.08571428571428572,0.02857142857142857,0.0,0.0,0.0,0.05714285714285714
0.0011261261261261261,0.00563063063063063,0.06418918918918919,0.0,0.041666666666666664,0.0,0.08333333333333333,0.00563063063063063,0.021396396396396396,0.00563063063063063,0.0033783783783783786,0.009009009009009009,0.01463963963963964,0.0,0.25675675675675674,0.006756756756756757,0.0045045045045045045,0.0,0.0011261261261261261,0.007882882882882882,0.0,0.18693693693693694,0.03265765765765766,0.009009009009009009,0.012387387387387387,0.04842342342342342,0.05518018018018018,0.0022522522522522522,0.037162162162162164,0.01463963963963964,0.0022522522522522522,0.06644144144144144
0.0,0.0,0.05027652086475616,0.0,0.09200603318250378,0.0,0.017094017094017096,0.004022121669180492,0.15635997988939165,0.0,0.033182503770739065,0.021618903971845148,0.0,0.0,0.0196078431372549,0.011060834590246356,0.04122674710910005,0.0005027652086475615,0.05530417295123177,0.21468074409250879,0.04172951231774761,0.032679738562091505,0.002011060834590246,0.05077928607340372,0.057817998994469585,0.02262443438914027,0.02564102564102564,0.0015082956259426848,0.0,0.0005027652086475615,0.0,0.04776269482151835
0.0005405405405405405,0.047027027027027025,0.003243243243243243,0.0005405405405405405,0.17135135135135135,0.05243243243243243,0.02054054054054054,0.15297297297297296,0.06918918918918919,0.034594594594594595,0.03945945945945946,0.03135135135135135,0.0016216216216216215,0.0016216216216216215,0.0,0.01027027027027027,0.02108108108108108,0.005405405405405406,0.11189189189189189,0.025405405405405406,0.025945945945945945,0.026486486486486487,0.010810810810810811,0.02054054054054054,0.026486486486486487,0.017297297297297298,0.015135135135135135,0.0005405405405405405,0.0,0.046486486486486484,0.0,0.00972972972972973
0.0,0.0,0.3142857142857143,0.0,0.0,0.0,0.014285714285714285,0.014285714285714285,0.0,0.0,0.05714285714285714,0.17142857142857143,0.0,0.07142857142857142,0.0,0.014285714285714285,0.0,0.0,0.0,0.0,0.0,0.15714285714285714,0.0,0.0,0.0,0.0,0.0,0.0,0.0,0.0,0.0,0.18571428571428572
0.0,0.0,0.1282051282051282,0.008547008547008548,0.0,0.008547008547008548,0.008547008547008548,0.017094017094017096,0.0,0.042735042735042736,0.0,0.1111111111111111,0.0,0.0,0.0,0.0,0.0,0.05128205128205128,0.0,0.0,0.0,0.11965811965811966,0.0,0.042735042735042736,0.1623931623931624,0.0,0.0,0.1111111111111111,0.0,0.0,0.0,0.18803418803418803
0.0,0.0,0.0,0.0,0.05194805194805195,0.0,0.05194805194805195,0.0,0.012987012987012988,0.0,0.0,0.1038961038961039,0.0,0.0,0.0,0.11688311688311688,0.0,0.0,0.012987012987012988,0.14285714285714285,0.0,0.16883116883116883,0.012987012987012988,0.0,0.0,0.012987012987012988,0.3116883116883117,0.0,0.0,0.0,0.0,0.0
0.0,0.0,0.02857142857142857,0.0,0.02857142857142857,0.0,0.11428571428571428,0.1,0.0,0.08571428571428572,0.0,0.17142857142857143,0.0,0.0,0.0,0.0,0.0,0.02857142857142857,0.0,0.0,0.02857142857142857,0.35714285714285715,0.0,0.0,0.0,0.0,0.05714285714285714,0.0,0.0,0.0,0.0,0.0
0.2286008230452675,0.15041152263374485,0.015843621399176954,0.001440329218106996,0.0022633744855967077,0.008436213991769548,0.06934156378600823,0.06831275720164609,0.016666666666666666,0.037654320987654324,0.0654320987654321,0.01440329218106996,0.0016460905349794238,0.03353909465020576,0.00020576131687242798,0.031069958847736626,0.03930041152263374,0.00041152263374485596,0.005761316872427984,0.008847736625514403,0.006378600823045267,0.06584362139917696,0.10452674897119342,0.0,0.0,0.004526748971193415,0.01316872427983539,0.0,0.0,0.005761316872427984,0.0,0.00020576131687242798
0.04424242424242424,0.0,0.09515151515151515,0.06606060606060606,0.0018181818181818182,0.01575757575757576,0.03090909090909091,0.04727272727272727,0.0024242424242424242,0.15393939393939393,0.0,0.03151515151515152,0.20363636363636364,0.0012121212121212121,0.0030303030303030303,0.023636363636363636,0.0006060606060606061,0.0048484848484848485,0.0012121212121212121,0.0030303030303030303,0.013333333333333334,0.07333333333333333,0.0006060606060606061,0.0,0.0,0.0006060606060606061,0.1103030303030303,0.0,0.0018181818181818182,0.006060606060606061,0.0,0.06363636363636363
0.22054054054054054,0.06486486486486487,0.023783783783783784,0.014054054054054054,0.018378378378378378,0.032432432432432434,0.06378378378378378,0.1745945945945946,0.03783783783783784,0.008648648648648649,0.0005405405405405405,0.042702702702702704,0.0,0.0016216216216216215,0.01945945945945946,0.00972972972972973,0.023243243243243242,0.04432432432432432,0.02918918918918919,0.03783783783783784,0.002162162162162162,0.04864864864864865,0.002702702702702703,0.005945945945945946,0.0016216216216216215,0.013513513513513514,0.025945945945945945,0.021621621621621623,0.0,0.002702702702702703,0.0,0.0075675675675675675
0.0,0.0,0.09523809523809523,0.0,0.0,0.047619047619047616,0.09523809523809523,0.031746031746031744,0.0,0.015873015873015872,0.0,0.20634920634920634,0.0,0.0,0.0,0.0,0.047619047619047616,0.0,0.031746031746031744,0.0,0.0,0.1111111111111111,0.0,0.015873015873015872,0.1111111111111111,0.0,0.07936507936507936,0.0,0.0,0.0,0.0,0.1111111111111111
0.0,0.051432291666666664,0.0625,0.013671875,0.014973958333333334,0.01953125,0.006510416666666667,0.0,0.001953125,0.006510416666666667,0.20768229166666666,0.11979166666666667,0.0,0.0,0.0,0.006510416666666667,0.126953125,0.07421875,0.0,0.006510416666666667,0.006510416666666667,0.103515625,0.0,0.055338541666666664,0.0078125,0.004557291666666667,0.031901041666666664,0.018229166666666668,0.0,0.007161458333333333,0.0,0.046223958333333336
0.007722007722007722,0.002413127413127413,0.011583011583011582,0.044884169884169885,0.003861003861003861,0.004343629343629344,0.032818532818532815,0.06515444015444015,0.10328185328185328,0.00048262548262548264,0.00048262548262548264,0.006274131274131274,0.12258687258687259,0.044884169884169885,0.10038610038610038,0.006274131274131274,0.00916988416988417,0.00723938223938224,0.05308880308880309,0.013996138996138996,0.0009652509652509653,0.002413127413127413,0.015444015444015444,0.0,0.004826254826254826,0.004343629343629344,0.033783783783783786,0.026061776061776062,0.15057915057915058,0.0014478764478764478,0.11438223938223938,0.004826254826254826
0.01646090534979424,0.0051440329218107,0.09855967078189301,0.07736625514403292,0.023045267489711935,0.014197530864197531,0.03539094650205761,0.04670781893004115,0.019958847736625516,0.01646090534979424,0.0,0.0345679012345679,0.0962962962962963,0.012757201646090535,0.0,0.03065843621399177,0.0006172839506172839,0.037037037037037035,0.02139917695473251,0.021810699588477367,0.01625514403292181,0.033950617283950615,0.03786008230452675,0.00041152263374485596,0.04567901234567901,0.01810699588477366,0.022839506172839506,0.00720164609053498,0.0,0.02551440329218107,0.0,0.18374485596707818
0.0,0.0,0.02857142857142857,0.014285714285714285,0.0,0.0,0.0,0.0,0.07142857142857142,0.0,0.0,0.07142857142857142,0.0,0.0,0.0,0.0,0.1,0.07142857142857142,0.0,0.0,0.0,0.08571428571428572,0.0,0.0,0.0,0.04285714285714286,0.07142857142857142,0.44285714285714284,0.0,0.0,0.0,0.0
0.0,0.0,0.0,0.0,0.0,0.0,0.01862527716186253,0.0004434589800443459,0.5432372505543237,0.0,0.0,0.0,0.0,0.0,0.1778270509977827,0.0,0.0,0.0,0.0,0.0,0.0,0.0,0.0,0.0,0.0,0.007982261640798226,0.0,0.0,0.2518847006651885,0.0,0.0,0.0
0.0,0.0,0.07472826086956522,0.0,0.04008152173913043,0.0006793478260869565,0.03940217391304348,0.2547554347826087,0.029211956521739132,0.10326086956521739,0.0,0.12024456521739131,0.0,0.0,0.0,0.0,0.0,0.014945652173913044,0.0,0.0,0.036005434782608696,0.14673913043478262,0.0,0.0,0.027853260869565216,0.0006793478260869565,0.0,0.0,0.0,0.020380434782608696,0.0,0.09103260869565218
0.0,0.0,0.08317831517406325,0.0,0.01355301621047037,0.002125963327132607,0.008238107892638851,0.12250863672601647,0.00026574541589157585,0.21179909646558598,0.0,0.22986978474621314,0.0,0.0,0.0,0.0010629816635663034,0.00026574541589157585,0.01594472495349455,0.0,0.020196651607759766,0.05979271857560457,0.19638586234387456,0.0,0.0,0.009566834972096731,0.0,0.0007972362476747276,0.0007972362476747276,0.0,0.002125963327132607,0.0,0.021525378687217645
0.0041279669762641896,0.0005159958720330237,0.00980392156862745,0.0,0.0020639834881320948,0.003611971104231166,0.0784313725490196,0.009287925696594427,0.1197110423116615,0.0,0.22033023735810114,0.017027863777089782,0.01805985552115583,0.05675954592363261,0.11713106295149639,0.05521155830753354,0.0,0.0041279669762641896,0.007223942208462332,0.06553147574819401,0.0010319917440660474,0.058823529411764705,0.0025799793601651187,0.0,0.0005159958720330237,0.017027863777089782,0.12125902992776058,0.0,0.0,0.0046439628482972135,0.0,0.005159958720330237
0.00102880658436214,0.0,0.00102880658436214,0.01748971193415638,0.012345679012345678,0.13271604938271606,0.0,0.0,0.00102880658436214,0.0,0.0,0.11008230452674897,0.08539094650205761,0.00102880658436214,0.0,0.14814814814814814,0.0,0.006172839506172839,0.03292181069958848,0.12037037037037036,0.12037037037037036,0.006172839506172839,0.018518518518518517,0.00102880658436214,0.09773662551440329,0.00102880658436214,0.07716049382716049,0.0,0.0,0.0,0.0,0.00823045267489712
0.0,0.0,0.055984555984555984,0.0,0.006756756756756757,0.0019305019305019305,0.0444015444015444,0.305984555984556,0.02413127413127413,0.2625482625482625,0.0,0.03571428571428571,0.0,0.0,0.0,0.0019305019305019305,0.0,0.0028957528957528956,0.0028957528957528956,0.004826254826254826,0.0028957528957528956,0.16795366795366795,0.0,0.0,0.0019305019305019305,0.003861003861003861,0.012548262548262547,0.0,0.0,0.019305019305019305,0.0,0.041505791505791506
0.0,0.0,0.01945945945945946,0.0,0.21297297297297296,0.08162162162162162,0.0,0.0,0.03783783783783784,0.0005405405405405405,0.0005405405405405405,0.03567567567567568,0.0,0.0,0.0,0.016216216216216217,0.38,0.002702702702702703,0.0,0.09135135135135135,0.04378378378378378,0.023783783783783784,0.03135135135135135,0.0,0.0,0.001081081081081081,0.01027027027027027,0.0005405405405405405,0.0,0.01027027027027027,0.0,0.0
0.06791666666666667,0.0,0.048541666666666664,0.0022916666666666667,0.12520833333333334,0.029583333333333333,0.049375,0.18729166666666666,0.014791666666666667,0.075,0.0,0.051666666666666666,0.0,0.03125,0.006458333333333333,0.0010416666666666667,0.0,0.004583333333333333,0.0020833333333333333,0.02375,0.05229166666666667,0.08833333333333333,0.0,0.0,0.0,0.0075,0.044375,0.0016666666666666668,0.0,0.019791666666666666,0.0,0.06520833333333333
0.040127557799627955,0.006112144565506245,0.018336433696518734,0.01488174328992825,0.02444857826202498,0.022854105766675525,0.010629816635663035,0.01860217911241031,0.239968110550093,0.02710603242094074,0.0,0.038798830720170076,0.0,0.0,0.012755779962795642,0.014084507042253521,0.0018602179112410311,0.07254849853840022,0.01488174328992825,0.009301089556205155,0.01993090619186819,0.03640712197714589,0.010364071219771459,0.0,0.027903268668615467,0.01727345203295243,0.058995482327929845,0.0077066170608557005,0.08477278766941271,0.0991230401275578,0.0,0.05022588360350784
0.0,0.0,0.011863425925925927,0.0,0.0014467592592592592,0.0,0.017939814814814815,0.014178240740740741,0.11082175925925926,0.0023148148148148147,0.2751736111111111,0.01070601851851852,0.0,0.07942708333333333,0.21672453703703703,0.003472222222222222,0.0,0.004340277777777778,0.020543981481481483,0.009259259259259259,0.005642361111111111,0.04759837962962963,0.0,0.11429398148148148,0.0005787037037037037,0.009403935185185185,0.01750578703703704,0.023003472222222224,0.0,0.0008680555555555555,0.001591435185185185,0.0013020833333333333
0.001081081081081081,0.0037837837837837837,0.04378378378378378,0.025405405405405406,0.014594594594594595,0.05459459459459459,0.02918918918918919,0.00972972972972973,0.03891891891891892,0.0016216216216216215,0.0005405405405405405,0.10270270270270271,0.005945945945945946,0.0016216216216216215,0.0016216216216216215,0.042702702702702704,0.0005405405405405405,0.08594594594594594,0.01027027027027027,0.08,0.02054054054054054,0.06108108108108108,0.001081081081081081,0.0,0.17621621621621622,0.004324324324324324,0.04108108108108108,0.09621621621621622,0.0,0.005405405405405406,0.0,0.03945945945945946
0.0,0.0,0.19176954732510287,0.0,0.01831275720164609,0.015020576131687243,0.00020576131687242798,0.0,0.00020576131687242798,0.0,0.0,0.29670781893004117,0.00205761316872428,0.0016460905349794238,0.0,0.008024691358024692,0.00020576131687242798,0.11481481481481481,0.001440329218106996,0.027983539094650206,0.08436213991769548,0.006378600823045267,0.0,0.00020576131687242798,0.03148148148148148,0.0030864197530864196,0.07592592592592592,0.0006172839506172839,0.0,0.0,0.0,0.11954732510288066
0.0,0.0,0.11297297297297297,0.0,0.00972972972972973,0.0,0.011351351351351352,0.015675675675675675,0.0005405405405405405,0.11513513513513514,0.0,0.11459459459459459,0.0,0.0,0.0,0.0,0.0,0.0005405405405405405,0.0,0.0,0.0,0.5075675675675676,0.0,0.002162162162162162,0.03513513513513514,0.0,0.023783783783783784,0.0,0.0,0.007027027027027027,0.0,0.04378378378378378
0.0,0.0,0.1484375,0.0,0.0013020833333333333,0.0,0.013020833333333334,0.0,0.0,0.013020833333333334,0.0,0.203125,0.0,0.0,0.0,0.0,0.0,0.0,0.0,0.0013020833333333333,0.0013020833333333333,0.5104166666666666,0.0,0.0,0.010416666666666666,0.0026041666666666665,0.022135416666666668,0.0,0.0,0.005208333333333333,0.0,0.06770833333333333
0.0,0.0,0.14583333333333334,0.0,0.0,0.0,0.0,0.0,0.0,0.041666666666666664,0.0,0.22916666666666666,0.0,0.0,0.0,0.0,0.0,0.0,0.0,0.0,0.020833333333333332,0.5208333333333334,0.0,0.0,0.0,0.0,0.041666666666666664,0.0,0.0,0.0,0.0,0.0
0.0,0.0,0.012345679012345678,0.0,0.024691358024691357,0.12345679012345678,0.0,0.0,0.0,0.037037037037037035,0.0,0.2839506172839506,0.0,0.0,0.0,0.0,0.0,0.0,0.0,0.0,0.037037037037037035,0.43209876543209874,0.0,0.0,0.0,0.024691358024691357,0.012345679012345678,0.0,0.0,0.012345679012345678,0.0,0.0
0.0,0.0,0.171875,0.0,0.0,0.0,0.109375,0.03125,0.0,0.09375,0.0,0.21875,0.0,0.0,0.0,0.0,0.0,0.125,0.0,0.0,0.0,0.21875,0.0,0.0,0.0,0.0,0.03125,0.0,0.0,0.0,0.0,0.0
0.0,0.0,0.0,0.0,0.05555555555555555,0.0,0.0,0.0,0.0,0.37037037037037035,0.0,0.05555555555555555,0.0,0.0,0.0,0.0,0.0,0.0,0.0,0.0,0.018518518518518517,0.3333333333333333,0.0,0.0,0.0,0.018518518518518517,0.14814814814814814,0.0,0.0,0.0,0.0,0.0
0.0,0.0,0.078125,0.0,0.0,0.0,0.015625,0.015625,0.0,0.09375,0.0,0.125,0.0,0.0,0.0,0.0,0.0,0.0,0.0,0.0,0.0,0.53125,0.0,0.0,0.0,0.03125,0.046875,0.0,0.0,0.0625,0.0,0.0
0.0,0.0,0.2866666666666667,0.0033333333333333335,0.01,0.0033333333333333335,0.0033333333333333335,0.0,0.016666666666666666,0.0,0.0,0.21666666666666667,0.0,0.0,0.0,0.03666666666666667,0.0,0.06,0.0,0.07,0.006666666666666667,0.08,0.0033333333333333335,0.0,0.0,0.02,0.16333333333333333,0.0,0.0,0.0,0.0,0.02
0.0,0.0,0.02403846153846154,0.0,0.016346153846153847,0.009615384615384616,0.013461538461538462,0.0,0.09134615384615384,0.0057692307692307696,0.0,0.2528846153846154,0.0009615384615384616,0.0,0.0,0.020192307692307693,0.0,0.04423076923076923,0.0,0.03365384615384615,0.0,0.17403846153846153,0.0,0.0,0.006730769230769231,0.04423076923076923,0.2298076923076923,0.0,0.0,0.01730769230769231,0.0,0.015384615384615385
0.0,0.0,0.015873015873015872,0.0,0.015873015873015872,0.0,0.031746031746031744,0.031746031746031744,0.031746031746031744,0.15873015873015872,0.0,0.0,0.0,0.0,0.0,0.0,0.0,0.0,0.0,0.0,0.0,0.47619047619047616,0.0,0.0,0.0,0.0,0.0,0.0,0.0,0.23809523809523808,0.0,0.0
0.0,0.0,0.046875,0.0,0.0,0.0,0.25,0.078125,0.0,0.0,0.0,0.296875,0.0,0.0,0.0,0.0,0.0,0.046875,0.0,0.0,0.0,0.171875,0.0,0.0,0.0,0.0,0.109375,0.0,0.0,0.0,0.0,0.0
0.0,0.0,0.02732919254658385,0.0,0.0,0.0,0.055900621118012424,0.0037267080745341614,0.0,0.1031055900621118,0.008695652173913044,0.16770186335403728,0.0,0.011180124223602485,0.0,0.0,0.0,0.02857142857142857,0.0,0.0,0.0,0.5863354037267081,0.0,0.0,0.0,0.0,0.0037267080745341614,0.0,0.0,0.0037267080745341614,0.0,0.0
0.0022222222222222222,0.0022222222222222222,0.09777777777777778,0.0,0.0044444444444444444,0.0,0.0044444444444444444,0.0,0.0022222222222222222,0.0,0.0,0.11777777777777777,0.0,0.0,0.0,0.0022222222222222222,0.0,0.0,0.0,0.024444444444444446,0.0,0.41555555555555557,0.0,0.0,0.024444444444444446,0.008888888888888889,0.15555555555555556,0.0,0.0,0.0,0.0,0.13777777777777778
0.0,0.0,0.13151041666666666,0.0,0.00390625,0.0,0.0026041666666666665,0.0013020833333333333,0.0,0.1640625,0.0,0.11328125,0.0,0.0,0.0,0.0,0.0,0.0,0.0,0.0,0.005208333333333333,0.5481770833333334,0.0,0.0,0.0,0.0,0.0013020833333333333,0.0013020833333333333,0.0,0.010416666666666666,0.0,0.016927083333333332
0.0,0.0008680555555555555,0.009259259259259259,0.007957175925925927,0.022569444444444444,0.023582175925925927,0.004340277777777778,0.0,0.028356481481481483,0.0,0.0,0.08174189814814815,0.0010127314814814814,0.0013020833333333333,0.00014467592592592592,0.030237268518518517,0.053530092592592594,0.11574074074074074,0.003616898148148148,0.02271412037037037,0.08449074074074074,0.012008101851851851,0.0011574074074074073,0.0,0.19661458333333334,0.09997106481481481,0.04470486111111111,0.13686342592592593,0.0,0.0010127314814814814,0.0,0.016203703703703703
0.0,0.0,0.03,0.0,0.013333333333333334,0.03666666666666667,0.01,0.0,0.06666666666666667,0.0,0.0,0.23666666666666666,0.0,0.0,0.0,0.006666666666666667,0.0,0.016666666666666666,0.0,0.023333333333333334,0.013333333333333334,0.36,0.0,0.0,0.0,0.04,0.13666666666666666,0.0,0.0,0.0,0.0,0.01
0.0,0.0,0.11229946524064172,0.0,0.0374331550802139,0.0,0.0,0.0,0.016042780748663103,0.0,0.0,0.03208556149732621,0.0106951871657754,0.0,0.0,0.0,0.0,0.0106951871657754,0.0,0.0106951871657754,0.0,0.48663101604278075,0.0,0.0,0.016042780748663103,0.0106951871657754,0.12299465240641712,0.0,0.0,0.0053475935828877,0.0,0.12834224598930483
0.0,0.0,0.015625,0.0,0.140625,0.0,0.03125,0.203125,0.0,0.171875,0.0,0.140625,0.0,0.0,0.0,0.0,0.0,0.0,0.0,0.0,0.015625,0.1875,0.0,0.0,0.0,0.078125,0.015625,0.0,0.0,0.0,0.0,0.0
0.0,0.0,0.0,0.0,0.10119047619047619,0.0,0.03571428571428571,0.0,0.4226190476190476,0.0,0.0,0.0,0.0,0.0,0.008928571428571428,0.0,0.0,0.0,0.0625,0.22023809523809523,0.0,0.03869047619047619,0.0,0.0,0.0,0.09523809523809523,0.008928571428571428,0.0,0.0,0.005952380952380952,0.0,0.0
0.0,0.0,0.03732638888888889,0.0,0.03732638888888889,0.00028935185185185184,0.013165509259259259,0.21571180555555555,0.23292824074074073,0.1427951388888889,0.0,0.03501157407407408,0.0,0.0,0.0005787037037037037,0.0,0.0,0.009114583333333334,0.00043402777777777775,0.001736111111111111,0.00390625,0.06684027777777778,0.0,0.0,0.019097222222222224,0.01678240740740741,0.009837962962962963,0.0,0.0,0.1355613425925926,0.0,0.02155671296296296
0.0,0.0,0.0,0.0,0.015625,0.0,0.109375,0.171875,0.0,0.5,0.0,0.0,0.0,0.0,0.0,0.0,0.0,0.0,0.0,0.03125,0.03125,0.140625,0.0,0.0,0.0,0.0,0.0,0.0,0.0,0.0,0.0,0.0
0.0,0.0,0.08484848484848485,0.006060606060606061,0.05454545454545454,0.006060606060606061,0.006060606060606061,0.0,0.006060606060606061,0.006060606060606061,0.0,0.13333333333333333,0.0,0.006060606060606061,0.0,0.06666666666666667,0.0,0.03636363636363636,0.0,0.07878787878787878,0.006060606060606061,0.23636363636363636,0.0,0.0,0.0,0.03636363636363636,0.15757575757575756,0.01818181818181818,0.0,0.05454545454545454,0.0,0.0
0.0,0.0,0.1,0.0,0.014285714285714285,0.0,0.04285714285714286,0.014285714285714285,0.02857142857142857,0.04285714285714286,0.0,0.12857142857142856,0.0,0.0,0.0,0.014285714285714285,0.0,0.014285714285714285,0.0,0.0,0.0,0.37142857142857144,0.0,0.0,0.0,0.04285714285714286,0.1,0.0,0.0,0.05714285714285714,0.0,0.02857142857142857
0.0,0.0,0.022135416666666668,0.0026041666666666665,0.02734375,0.0,0.0026041666666666665,0.06380208333333333,0.0026041666666666665,0.14583333333333334,0.0,0.19140625,0.00390625,0.010416666666666666,0.0,0.005208333333333333,0.024739583333333332,0.028645833333333332,0.0013020833333333333,0.0,0.010416666666666666,0.3359375,0.0013020833333333333,0.006510416666666667,0.0,0.022135416666666668,0.046875,0.0078125,0.0,0.03515625,0.0,0.0013020833333333333
0.0,0.0,0.24666666666666667,0.0008333333333333334,0.07166666666666667,0.005833333333333334,0.0008333333333333334,0.0,0.0016666666666666668,0.004166666666666667,0.0,0.1025,0.0,0.0,0.0,0.0,0.0,0.030833333333333334,0.0,0.0016666666666666668,0.03166666666666667,0.1825,0.0,0.0,0.03666666666666667,0.0725,0.06,0.0,0.0,0.08583333333333333,0.0,0.06416666666666666
0.0,0.0,0.14497041420118342,0.0,0.005917159763313609,0.0019723865877712033,0.03057199211045365,0.0,0.009861932938856016,0.0,0.0,0.13708086785009863,0.0,0.0,0.0019723865877712033,0.009861932938856016,0.014792899408284023,0.05917159763313609,0.0,0.01972386587771203,0.004930966469428008,0.16272189349112426,0.0,0.0,0.023668639053254437,0.1203155818540434,0.22682445759368836,0.008875739644970414,0.0,0.0019723865877712033,0.0,0.014792899408284023
0.0,0.0,0.0,0.0,0.08463541666666667,0.0,0.005208333333333333,0.0,0.0703125,0.00390625,0.0,0.005208333333333333,0.0,0.0,0.0,0.00390625,0.0,0.0,0.0,0.17708333333333334,0.0,0.3658854166666667,0.0,0.0,0.0,0.13671875,0.14583333333333334,0.0,0.0,0.0013020833333333333,0.0,0.0
0.0,0.0,0.027777777777777776,0.0,0.0,0.0,0.0,0.0,0.0,0.027777777777777776,0.0,0.4722222222222222,0.0,0.0,0.0,0.027777777777777776,0.0,0.0,0.0,0.0,0.0,0.3333333333333333,0.0,0.0,0.0,0.0,0.1111111111111111,0.0,0.0,0.0,0.0,0.0
0.0,0.0,0.109375,0.015625,0.03125,0.03125,0.015625,0.0,0.109375,0.0,0.0,0.234375,0.0,0.0,0.0,0.046875,0.015625,0.125,0.0,0.09375,0.0,0.015625,0.0,0.0,0.0,0.015625,0.09375,0.03125,0.0,0.0,0.0,0.015625
0.005063657407407407,0.0,0.023292824074074073,0.013454861111111112,0.10243055555555555,0.002459490740740741,0.0011574074074074073,0.0,0.15002893518518517,0.0,0.00014467592592592592,0.030237268518518517,0.014033564814814815,0.004195601851851852,0.00043402777777777775,0.07928240740740741,0.00014467592592592592,0.005208333333333333,0.09129050925925926,0.19994212962962962,0.023292824074074073,0.008969907407407407,0.02618634259259259,0.002025462962962963,0.007089120370370371,0.09693287037037036,0.0931712962962963,0.002025462962962963,0.0,0.0,0.0,0.01750578703703704
0.0,0.0,0.031746031746031744,0.0,0.0,0.0,0.14285714285714285,0.015873015873015872,0.0,0.06349206349206349,0.0,0.015873015873015872,0.0,0.0,0.0,0.0,0.0,0.0,0.0,0.0,0.0,0.6190476190476191,0.0,0.0,0.031746031746031744,0.0,0.031746031746031744,0.0,0.0,0.031746031746031744,0.0,0.015873015873015872
0.0,0.0,0.16666666666666666,0.0,0.0,0.0,0.07407407407407407,0.037037037037037035,0.0,0.018518518518518517,0.0,0.18518518518518517,0.0,0.0,0.0,0.0,0.0,0.037037037037037035,0.0,0.0,0.0,0.3148148148148148,0.0,0.0,0.0,0.0,0.07407407407407407,0.0,0.0,0.018518518518518517,0.0,0.07407407407407407
0.0,0.0,0.032972972972972976,0.0,0.05621621621621622,0.004864864864864865,0.04756756756756757,0.07837837837837838,0.005405405405405406,0.11081081081081082,0.0,0.05189189189189189,0.0,0.0,0.0,0.0037837837837837837,0.008648648648648649,0.026486486486486487,0.003243243243243243,0.012432432432432432,0.022702702702702703,0.2610810810810811,0.0,0.004864864864864865,0.05189189189189189,0.03189189189189189,0.05405405405405406,0.010810810810810811,0.0,0.10972972972972973,0.0,0.01027027027027027
0.0,0.0,0.080078125,0.0,0.0078125,0.0224609375,0.0244140625,0.00390625,0.01171875,0.0,0.0,0.3333333333333333,0.001953125,0.0,0.0006510416666666666,0.02734375,0.0,0.14485677083333334,0.0,0.026041666666666668,0.019205729166666668,0.08268229166666667,0.0,0.0,0.0026041666666666665,0.0166015625,0.1767578125,0.0,0.0,0.0029296875,0.0,0.0146484375
0.0,0.015625,0.0625,0.0,0.0,0.0,0.015625,0.0,0.140625,0.0,0.109375,0.046875,0.0,0.0,0.0,0.0,0.0625,0.046875,0.0,0.015625,0.0,0.25,0.0,0.0,0.0,0.140625,0.078125,0.015625,0.0,0.0,0.0,0.0
0.0,0.0,0.1145124716553288,0.0,0.017006802721088437,0.023809523809523808,0.012471655328798186,0.026077097505668934,0.0045351473922902496,0.10884353741496598,0.0,0.25396825396825395,0.0,0.0,0.0,0.0,0.0,0.04195011337868481,0.0,0.0,0.011337868480725623,0.30158730158730157,0.0,0.0,0.0,0.0011337868480725624,0.023809523809523808,0.0,0.0,0.05555555555555555,0.0,0.003401360544217687
0.00088261253309797,0.00012608750472828143,0.026856638507123946,0.0013869625520110957,0.05371327701424789,0.00025217500945656286,0.04337410162652881,0.00441306266548985,0.08031774051191527,0.00025217500945656286,0.0,0.0569915521371832,0.01500441306266549,0.0006304375236414071,0.09002647837599294,0.015760938091035178,0.0,0.007691337788425167,0.00617828773168579,0.08737864077669903,0.011852225444458454,0.06077417727903165,0.00025217500945656286,0.0,0.07678729037952339,0.20678350775438153,0.12331357962425923,0.0012608750472828142,0.0,0.003908712646576724,0.0,0.02383053839364519
0.0,0.0,0.0,0.0,0.0,0.0,0.015625,0.0625,0.0,0.515625,0.0,0.0,0.0,0.0,0.0,0.0,0.0,0.0,0.0,0.0,0.0,0.375,0.0,0.0,0.0,0.0,0.015625,0.0,0.0,0.015625,0.0,0.0
0.0,0.0,0.0625,0.0,0.0,0.0,0.046875,0.0,0.0,0.03125,0.0,0.203125,0.0,0.0,0.0,0.0,0.0,0.0,0.0,0.0,0.0,0.640625,0.0,0.0,0.0,0.0,0.015625,0.0,0.0,0.0,0.0,0.0
0.0,0.0,0.04296875,0.0013020833333333333,0.015625,0.0,0.0,0.0,0.024739583333333332,0.0,0.0,0.21484375,0.0,0.0,0.0013020833333333333,0.0078125,0.010416666666666666,0.07291666666666667,0.0,0.08203125,0.0013020833333333333,0.03515625,0.0,0.0,0.0,0.09505208333333333,0.27734375,0.11458333333333333,0.0,0.0,0.0,0.0026041666666666665
0.0,0.0,0.046875,0.0,0.0,0.0,0.0,0.0,0.0,0.0,0.0,0.109375,0.0,0.0,0.0,0.03125,0.0,0.0,0.0,0.0,0.0,0.53125,0.0,0.0,0.0,0.03125,0.25,0.0,0.0,0.0,0.0,0.0
0.0,0.0,0.02412280701754386,0.006449948400412796,0.12990196078431374,0.007481940144478844,0.0027089783281733747,0.0023219814241486067,0.1185500515995872,0.0041279669762641896,0.0,0.04811661506707946,0.00025799793601651185,0.0,0.0,0.04411764705882353,0.0041279669762641896,0.010706914344685242,0.005288957688338493,0.10823013415892672,0.006578947368421052,0.0717234262125903,0.001676986584107327,0.0,0.08088235294117647,0.09404024767801858,0.14860681114551083,0.011480908152734778,0.0,0.021929824561403508,0.0,0.04656862745098039
0.0012899896800825593,0.0,0.017672858617131065,0.00012899896800825592,0.10577915376676987,0.007997936016511867,0.0012899896800825593,0.016769865841073272,0.07159442724458204,0.048761609907120744,0.0,0.03998968008255934,0.00025799793601651185,0.00025799793601651185,0.0011609907120743034,0.006578947368421052,0.0003869969040247678,0.016382868937048503,0.0011609907120743034,0.008771929824561403,0.06746646026831786,0.012512899896800826,0.00012899896800825592,0.00025799793601651185,0.017543859649122806,0.19491744066047473,0.050696594427244585,0.0011609907120743034,0.0,0.2932146542827657,0.0,0.01586687306501548
0.0,0.0,0.0,0.0,0.02216216216216216,0.0,0.15945945945945947,0.25135135135135134,0.04432432432432432,0.1518918918918919,0.0,0.001081081081081081,0.0,0.0,0.0,0.0,0.0,0.0,0.0,0.0,0.0,0.12864864864864864,0.0,0.0,0.0,0.06918918918918919,0.0037837837837837837,0.0,0.0,0.1681081081081081,0.0,0.0
0.0,0.00028935185185185184,0.1115451388888889,0.00014467592592592592,0.01171875,0.0027488425925925927,0.01070601851851852,0.00043402777777777775,0.004484953703703704,0.007523148148148148,0.00028935185185185184,0.24074074074074073,0.006076388888888889,0.0027488425925925927,0.0005787037037037037,0.019675925925925927,0.001736111111111111,0.1244212962962963,0.00014467592592592592,0.012008101851851851,0.02879050925925926,0.09809027777777778,0.00014467592592592592,0.00043402777777777775,0.0005787037037037037,0.10503472222222222,0.18952546296296297,0.004340277777777778,0.0,0.012152777777777778,0.0,0.0028935185185185184
0.0,0.0,0.07272727272727272,0.0,0.012121212121212121,0.012121212121212121,0.0,0.0,0.024242424242424242,0.0,0.0,0.4303030303030303,0.0,0.0,0.0,0.0,0.006060606060606061,0.10303030303030303,0.0,0.15151515151515152,0.024242424242424242,0.03636363636363636,0.0,0.006060606060606061,0.01818181818181818,0.0,0.04242424242424243,0.006060606060606061,0.0,0.0,0.0,0.05454545454545454
0.0,0.0,0.23828125,0.0003255208333333333,0.006184895833333333,0.025065104166666668,0.0006510416666666666,0.0,0.0,0.0,0.0,0.2991536458333333,0.0,0.0,0.0003255208333333333,0.034505208333333336,0.0,0.18229166666666666,0.0,0.016276041666666668,0.024088541666666668,0.015625,0.0,0.0,0.0016276041666666667,0.0,0.12109375,0.0032552083333333335,0.0,0.0,0.0,0.03125
0.0,0.0,0.078125,0.078125,0.0,0.171875,0.0,0.0,0.0,0.0,0.0,0.40625,0.015625,0.0,0.0,0.078125,0.0,0.03125,0.0,0.0,0.0,0.015625,0.0,0.0,0.0,0.0,0.125,0.0,0.0,0.0,0.0,0.0
0.0,0.0,0.0,0.0,0.0625,0.0,0.0,0.0,0.0,0.140625,0.0,0.109375,0.0,0.0,0.0,0.0,0.0,0.015625,0.0,0.0,0.0,0.5,0.0,0.0,0.0,0.0,0.125,0.0,0.0,0.046875,0.0,0.0
0.046875,0.0,0.046875,0.015625,0.0,0.0,0.0,0.0,0.0,0.0,0.0,0.140625,0.0,0.390625,0.0,0.0,0.015625,0.03125,0.0,0.0,0.0,0.0,0.25,0.0,0.0,0.015625,0.0,0.046875,0.0,0.0,0.0,0.0
0.0,0.11979166666666667,0.005208333333333333,0.0,0.006510416666666667,0.0,0.053385416666666664,0.08072916666666667,0.1015625,0.0,0.140625,0.0026041666666666665,0.01171875,0.03125,0.0,0.06510416666666667,0.040364583333333336,0.0013020833333333333,0.010416666666666666,0.010416666666666666,0.0,0.032552083333333336,0.013020833333333334,0.16927083333333334,0.061197916666666664,0.006510416666666667,0.01171875,0.024739583333333332,0.0,0.0,0.0,0.0
0.0,0.0,0.05952380952380952,0.07142857142857142,0.0,0.011904761904761904,0.0,0.0,0.0,0.0,0.07142857142857142,0.011904761904761904,0.0,0.0,0.03571428571428571,0.011904761904761904,0.047619047619047616,0.011904761904761904,0.011904761904761904,0.023809523809523808,0.0,0.023809523809523808,0.05952380952380952,0.03571428571428571,0.3333333333333333,0.011904761904761904,0.023809523809523808,0.10714285714285714,0.0,0.0,0.0,0.03571428571428571
0.2733333333333333,0.23,0.0,0.013333333333333334,0.12333333333333334,0.0,0.0,0.0,0.1,0.0,0.0,0.006666666666666667,0.0,0.03666666666666667,0.0,0.043333333333333335,0.0,0.006666666666666667,0.006666666666666667,0.006666666666666667,0.0,0.0033333333333333335,0.006666666666666667,0.0,0.0,0.10666666666666667,0.02666666666666667,0.006666666666666667,0.0,0.0033333333333333335,0.0,0.0
0.0,0.203125,0.0625,0.0,0.0,0.0,0.046875,0.0,0.0,0.0,0.0,0.0,0.0,0.015625,0.0625,0.0,0.046875,0.015625,0.125,0.15625,0.0,0.125,0.0,0.0,0.0,0.0,0.0,0.140625,0.0,0.0,0.0,0.0
0.0,0.006006006006006006,0.042042042042042045,0.036036036036036036,0.001001001001001001,0.021021021021021023,0.018018018018018018,0.0,0.06406406406406406,0.0,0.11411411411411411,0.04604604604604605,0.004004004004004004,0.0,0.005005005005005005,0.06706706706706707,0.31931931931931934,0.022022022022022022,0.025025025025025027,0.025025025025025027,0.001001001001001001,0.036036036036036036,0.02702702702702703,0.0,0.0,0.031031031031031032,0.06306306306306306,0.026026026026026026,0.0,0.0,0.0,0.0
0.0,0.0,0.125,0.0,0.078125,0.03125,0.0,0.0,0.0,0.0,0.0,0.015625,0.0,0.0,0.0,0.015625,0.171875,0.078125,0.015625,0.03125,0.0625,0.0,0.0,0.0,0.0,0.015625,0.015625,0.3125,0.0,0.03125,0.0,0.0
0.0,0.0,0.015625,0.078125,0.0,0.046875,0.140625,0.0,0.125,0.0,0.3125,0.0625,0.0,0.0,0.0,0.0,0.0,0.03125,0.0,0.03125,0.015625,0.09375,0.0,0.0,0.0,0.0,0.015625,0.03125,0.0,0.0,0.0,0.0
0.07,0.37666666666666665,0.006666666666666667,0.0,0.0033333333333333335,0.0,0.006666666666666667,0.0,0.0,0.0,0.0,0.04666666666666667,0.0,0.04666666666666667,0.006666666666666667,0.09333333333333334,0.0,0.056666666666666664,0.07,0.013333333333333334,0.07,0.03,0.016666666666666666,0.0,0.0,0.006666666666666667,0.04,0.04,0.0,0.0,0.0,0.0
0.0,0.0,0.013333333333333334,0.11666666666666667,0.02,0.013333333333333334,0.07666666666666666,0.09333333333333334,0.013333333333333334,0.05,0.0,0.006666666666666667,0.016666666666666666,0.0,0.0,0.0,0.06,0.016666666666666666,0.0,0.0,0.0,0.07666666666666666,0.08666666666666667,0.023333333333333334,0.24666666666666667,0.01,0.01,0.0,0.0,0.016666666666666666,0.0,0.03333333333333333
0.0,0.0,0.0,0.0,0.10222222222222223,0.0044444444444444444,0.0044444444444444444,0.0,0.028888888888888888,0.0,0.0,0.017777777777777778,0.015555555555555555,0.0,0.0,0.17555555555555555,0.0,0.0,0.2911111111111111,0.07777777777777778,0.0022222222222222222,0.04666666666666667,0.08222222222222222,0.0,0.0044444444444444444,0.05333333333333334,0.08666666666666667,0.0,0.0,0.0044444444444444444,0.0,0.0022222222222222222
0.25,0.0625,0.03125,0.0,0.0,0.015625,0.0,0.0,0.015625,0.0,0.0,0.015625,0.0,0.265625,0.0,0.0625,0.0,0.015625,0.0,0.03125,0.0,0.046875,0.109375,0.0,0.0,0.0,0.078125,0.0,0.0,0.0,0.0,0.0
0.0,0.0,0.0,0.0,0.0,0.046875,0.0,0.0,0.0625,0.0,0.0,0.140625,0.0,0.0,0.0,0.3125,0.0,0.015625,0.09375,0.1875,0.0,0.046875,0.0,0.0,0.0,0.015625,0.0625,0.0,0.0,0.0,0.0,0.015625
0.125,0.25,0.03125,0.0,0.046875,0.0,0.046875,0.0,0.0,0.0,0.0,0.0,0.0,0.0,0.0,0.078125,0.0,0.0,0.0,0.0,0.0,0.015625,0.3125,0.0,0.0,0.015625,0.046875,0.03125,0.0,0.0,0.0,0.0
0.0010576414595452142,0.004759386567953464,0.10259122157588578,0.06292966684294024,0.0,0.0037017451084082496,0.0010576414595452142,0.0,0.0,0.0,0.0,0.06821787414066631,0.04283447911158118,0.034902168164992066,0.08619777895293496,0.03966155473294553,0.012162876784769964,0.03966155473294553,0.0,0.0021152829190904283,0.0,0.0015864621893178213,0.015335801163405606,0.2533051295610788,0.0031729243786356425,0.0,0.04336329984135378,0.16076150185087257,0.0,0.0,0.0,0.020624008461131677
0.0,0.0,0.02857142857142857,0.3,0.014285714285714285,0.014285714285714285,0.0,0.0,0.0,0.0,0.11428571428571428,0.12857142857142856,0.0,0.0,0.0,0.014285714285714285,0.0,0.014285714285714285,0.0,0.0,0.11428571428571428,0.014285714285714285,0.0,0.0,0.0,0.0,0.24285714285714285,0.0,0.0,0.0,0.0,0.0
0.046875,0.0,0.015625,0.0,0.0,0.0625,0.078125,0.0,0.0,0.125,0.0,0.03125,0.0,0.0625,0.0,0.0,0.015625,0.234375,0.0,0.0,0.015625,0.046875,0.0,0.0,0.0,0.0,0.0,0.25,0.0,0.0,0.0,0.015625
0.0,0.0,0.0390625,0.0,0.005208333333333333,0.053385416666666664,0.0,0.0026041666666666665,0.0,0.06770833333333333,0.0,0.03515625,0.0,0.09114583333333333,0.0,0.00390625,0.20442708333333334,0.015625,0.0,0.0,0.20963541666666666,0.052083333333333336,0.0013020833333333333,0.05078125,0.032552083333333336,0.00390625,0.015625,0.10026041666666667,0.0,0.010416666666666666,0.0,0.005208333333333333
0.0,0.0,0.015625,0.0,0.0,0.078125,0.0,0.0,0.0,0.0,0.0,0.0625,0.0,0.0,0.0,0.03125,0.0,0.0,0.0,0.0625,0.09375,0.046875,0.0,0.015625,0.484375,0.0,0.046875,0.0,0.0,0.0,0.0,0.0625
0.0,0.0,0.041666666666666664,0.041666666666666664,0.010416666666666666,0.0,0.0,0.0,0.0,0.0,0.005208333333333333,0.03125,0.036458333333333336,0.015625,0.0,0.08333333333333333,0.026041666666666668,0.036458333333333336,0.015625,0.2552083333333333,0.015625,0.010416666666666666,0.046875,0.005208333333333333,0.24479166666666666,0.0,0.015625,0.041666666666666664,0.0,0.0,0.0,0.020833333333333332
0.390625,0.1875,0.015625,0.0,0.0,0.0,0.015625,0.0,0.0,0.0,0.0,0.0,0.0,0.125,0.015625,0.140625,0.0,0.0,0.03125,0.0,0.0,0.015625,0.015625,0.0,0.0,0.0,0.046875,0.0,0.0,0.0,0.0,0.0
0.0,0.0,0.15625,0.0,0.0,0.0,0.265625,0.03125,0.078125,0.0,0.25,0.0,0.0,0.03125,0.0,0.0,0.015625,0.0,0.0,0.03125,0.0,0.015625,0.0,0.046875,0.0,0.046875,0.0,0.015625,0.0,0.0,0.015625,0.0
0.0,0.0,0.048484848484848485,0.0,0.030303030303030304,0.0,0.07272727272727272,0.030303030303030304,0.06666666666666667,0.0,0.048484848484848485,0.006060606060606061,0.0,0.012121212121212121,0.0,0.0,0.36363636363636365,0.0,0.15151515151515152,0.04242424242424243,0.0,0.03636363636363636,0.0,0.03636363636363636,0.0,0.04242424242424243,0.0,0.012121212121212121,0.0,0.0,0.0,0.0
0.0,0.0,0.0,0.21875,0.0,0.0625,0.0,0.0,0.0,0.0,0.0,0.03125,0.09375,0.375,0.0,0.015625,0.0,0.078125,0.0,0.015625,0.0,0.0,0.03125,0.0,0.0,0.0,0.0625,0.015625,0.0,0.0,0.0,0.0
0.055989583333333336,0.036458333333333336,0.022135416666666668,0.0,0.0,0.0,0.08463541666666667,0.014322916666666666,0.07682291666666667,0.0,0.23567708333333334,0.014322916666666666,0.040364583333333336,0.07421875,0.0013020833333333333,0.028645833333333332,0.0,0.0026041666666666665,0.0,0.010416666666666666,0.028645833333333332,0.057291666666666664,0.06901041666666667,0.09114583333333333,0.028645833333333332,0.010416666666666666,0.010416666666666666,0.00390625,0.0,0.0,0.0,0.0026041666666666665
0.0,0.0007739938080495357,0.011480908152734778,0.09920020639834881,0.03521671826625387,0.013286893704850361,0.0012899896800825593,0.00012899896800825592,0.03882868937048504,0.0007739938080495357,0.007094943240454076,0.014060887512899897,0.06566047471620227,0.0012899896800825593,0.0015479876160990713,0.022703818369453045,0.11235810113519092,0.007094943240454076,0.007094943240454076,0.012254901960784314,0.006449948400412796,0.0152218782249742,0.13854489164086686,0.047084623323013414,0.27012383900928794,0.021800825593395252,0.018575851393188854,0.008126934984520124,0.0,0.016253869969040248,0.0,0.005675954592363261
0.0,0.0,0.021621621621621623,0.02054054054054054,0.016216216216216217,0.00972972972972973,0.0,0.0,0.0,0.012972972972972972,0.0,0.036756756756756756,0.016216216216216217,0.24216216216216216,0.010810810810810811,0.1264864864864865,0.003243243243243243,0.018378378378378378,0.005405405405405406,0.0075675675675675675,0.001081081081081081,0.07135135135135136,0.27675675675675676,0.0,0.0,0.001081081081081081,0.06054054054054054,0.02810810810810811,0.0,0.003243243243243243,0.0,0.00972972972972973
0.0,0.20963541666666666,0.006510416666666667,0.0,0.0026041666666666665,0.010416666666666666,0.0,0.0,0.01171875,0.0,0.026041666666666668,0.0026041666666666665,0.0,0.037760416666666664,0.00390625,0.07161458333333333,0.41796875,0.0,0.014322916666666666,0.015625,0.03125,0.0078125,0.02734375,0.0,0.0,0.018229166666666668,0.044270833333333336,0.040364583333333336,0.0,0.0,0.0,0.0
0.0,0.4166666666666667,0.0013020833333333333,0.08723958333333333,0.020833333333333332,0.028645833333333332,0.0013020833333333333,0.0,0.01953125,0.0,0.0,0.03125,0.006510416666666667,0.17708333333333334,0.0026041666666666665,0.018229166666666668,0.0,0.005208333333333333,0.005208333333333333,0.022135416666666668,0.018229166666666668,0.006510416666666667,0.07161458333333333,0.0,0.0,0.041666666666666664,0.013020833333333334,0.0,0.0,0.0,0.0,0.005208333333333333
0.20442708333333334,0.2265625,0.02734375,0.0013020833333333333,0.0026041666666666665,0.013020833333333334,0.029947916666666668,0.010416666666666666,0.0078125,0.005208333333333333,0.0,0.006510416666666667,0.0026041666666666665,0.07291666666666667,0.0,0.018229166666666668,0.04296875,0.00390625,0.044270833333333336,0.0078125,0.037760416666666664,0.029947916666666668,0.05078125,0.005208333333333333,0.015625,0.014322916666666666,0.0026041666666666665,0.05859375,0.0,0.022135416666666668,0.0,0.03515625
0.04475,0.00525,0.01,0.0005,0.031,0.00025,0.022,0.2365,0.06825,0.007,0.01625,0.00525,0.00125,0.0065,0.02225,0.006,0.0,0.0005,0.02375,0.0085,0.00275,0.01025,0.00625,0.0055,0.0,0.02125,0.11575,0.0,0.16725,0.0095,0.14425,0.0015
0.22786458333333334,0.07552083333333333,0.009114583333333334,0.049479166666666664,0.0013020833333333333,0.00390625,0.014322916666666666,0.0,0.028645833333333332,0.0,0.02734375,0.032552083333333336,0.0013020833333333333,0.09505208333333333,0.17838541666666666,0.005208333333333333,0.0,0.010416666666666666,0.0,0.006510416666666667,0.0,0.046875,0.0,0.0,0.0,0.00390625,0.140625,0.018229166666666668,0.0026041666666666665,0.006510416666666667,0.005208333333333333,0.009114583333333334
0.0013020833333333333,0.34375,0.0078125,0.0,0.01171875,0.013020833333333334,0.010416666666666666,0.0,0.026041666666666668,0.0013020833333333333,0.0,0.022135416666666668,0.0013020833333333333,0.04296875,0.0013020833333333333,0.09244791666666667,0.0,0.01171875,0.059895833333333336,0.0625,0.016927083333333332,0.036458333333333336,0.049479166666666664,0.0,0.0,0.028645833333333332,0.06640625,0.08854166666666667,0.0,0.00390625,0.0,0.0
0.0,0.010617760617760617,0.0,0.3474903474903475,0.004826254826254826,0.04247104247104247,0.016409266409266408,0.003861003861003861,0.015444015444015444,0.0009652509652509653,0.0,0.011583011583011582,0.06660231660231661,0.21428571428571427,0.0,0.003861003861003861,0.029922779922779922,0.010617760617760617,0.0,0.0028957528957528956,0.0,0.01833976833976834,0.033783783783783786,0.0,0.004826254826254826,0.060810810810810814,0.0,0.08976833976833977,0.0,0.0009652509652509653,0.0,0.009652509652509652
0.0,0.0,0.0,0.3541666666666667,0.0013020833333333333,0.03515625,0.0625,0.0703125,0.10677083333333333,0.0013020833333333333,0.0,0.005208333333333333,0.045572916666666664,0.0,0.0,0.037760416666666664,0.0,0.009114583333333334,0.044270833333333336,0.01171875,0.009114583333333334,0.0026041666666666665,0.17317708333333334,0.0,0.0,0.0013020833333333333,0.00390625,0.020833333333333332,0.0,0.00390625,0.0,0.0
0.0,0.0,0.07142857142857142,0.02857142857142857,0.0,0.0,0.02857142857142857,0.0,0.014285714285714285,0.0,0.08571428571428572,0.18571428571428572,0.0,0.0,0.0,0.07142857142857142,0.04285714285714286,0.02857142857142857,0.02857142857142857,0.02857142857142857,0.0,0.22857142857142856,0.0,0.0,0.0,0.0,0.15714285714285714,0.0,0.0,0.0,0.0,0.0
0.2565104166666667,0.1484375,0.01171875,0.0,0.0,0.024739583333333332,0.055989583333333336,0.016927083333333332,0.005208333333333333,0.0,0.0,0.026041666666666668,0.0,0.006510416666666667,0.20963541666666666,0.041666666666666664,0.0,0.0013020833333333333,0.01171875,0.009114583333333334,0.020833333333333332,0.029947916666666668,0.08203125,0.0,0.01953125,0.00390625,0.0013020833333333333,0.0,0.0,0.0078125,0.0,0.009114583333333334
0.0,0.078125,0.015625,0.0078125,0.0026041666666666665,0.0078125,0.0546875,0.005208333333333333,0.01953125,0.0,0.03125,0.005208333333333333,0.0013020833333333333,0.0,0.0013020833333333333,0.03125,0.43359375,0.0026041666666666665,0.005208333333333333,0.014322916666666666,0.0,0.045572916666666664,0.08072916666666667,0.0546875,0.016927083333333332,0.005208333333333333,0.010416666666666666,0.06770833333333333,0.0,0.0,0.0,0.0013020833333333333
0.0,0.15625,0.0026041666666666665,0.06901041666666667,0.0013020833333333333,0.046875,0.0026041666666666665,0.0013020833333333333,0.032552083333333336,0.0,0.0,0.022135416666666668,0.0013020833333333333,0.0,0.0,0.03125,0.016927083333333332,0.006510416666666667,0.024739583333333332,0.057291666666666664,0.0234375,0.03515625,0.09375,0.0,0.0,0.02734375,0.03515625,0.3125,0.0,0.0,0.0,0.0
0.0,0.1171875,0.04296875,0.08723958333333333,0.016927083333333332,0.0078125,0.03515625,0.020833333333333332,0.07421875,0.0,0.010416666666666666,0.01953125,0.0,0.0,0.0,0.014322916666666666,0.1796875,0.01953125,0.0234375,0.055989583333333336,0.006510416666666667,0.09505208333333333,0.010416666666666666,0.055989583333333336,0.0078125,0.01171875,0.029947916666666668,0.048177083333333336,0.0,0.0026041666666666665,0.0,0.006510416666666667
0.0,0.029947916666666668,0.01171875,0.0,0.014322916666666666,0.0,0.0,0.0,0.044270833333333336,0.0,0.18619791666666666,0.0013020833333333333,0.0,0.0,0.015625,0.040364583333333336,0.15364583333333334,0.0,0.2838541666666667,0.036458333333333336,0.0013020833333333333,0.006510416666666667,0.01171875,0.078125,0.03125,0.029947916666666668,0.0234375,0.0,0.0,0.0,0.0,0.0
0.0,0.10677083333333333,0.055989583333333336,0.0859375,0.0,0.006510416666666667,0.078125,0.005208333333333333,0.015625,0.0,0.17578125,0.0026041666666666665,0.0,0.0,0.0013020833333333333,0.006510416666666667,0.3971354166666667,0.013020833333333334,0.00390625,0.0013020833333333333,0.0026041666666666665,0.026041666666666668,0.0,0.01171875,0.0,0.0,0.0026041666666666665,0.0,0.0,0.0,0.0,0.0013020833333333333
0.0,0.277992277992278,0.026061776061776062,0.029922779922779922,0.010617760617760617,0.005791505791505791,0.0,0.0,0.0,0.0,0.09266409266409266,0.026061776061776062,0.0,0.07722007722007722,0.012548262548262547,0.003861003861003861,0.11003861003861004,0.060810810810810814,0.008687258687258687,0.021235521235521235,0.010617760617760617,0.004826254826254826,0.003861003861003861,0.0,0.0,0.005791505791505791,0.02895752895752896,0.18243243243243243,0.0,0.0,0.0,0.0
0.20052083333333334,0.47265625,0.0,0.0078125,0.009114583333333334,0.037760416666666664,0.010416666666666666,0.0,0.0026041666666666665,0.0,0.0,0.022135416666666668,0.0,0.03125,0.0,0.022135416666666668,0.0,0.006510416666666667,0.00390625,0.0234375,0.022135416666666668,0.0026041666666666665,0.09244791666666667,0.0,0.0,0.006510416666666667,0.020833333333333332,0.005208333333333333,0.0,0.0,0.0,0.0
0.0,0.0,0.01171875,0.08203125,0.022135416666666668,0.018229166666666668,0.013020833333333334,0.0,0.03125,0.0,0.0,0.014322916666666666,0.005208333333333333,0.0,0.0,0.00390625,0.0,0.0,0.0,0.01953125,0.04296875,0.041666666666666664,0.0026041666666666665,0.13671875,0.4557291666666667,0.044270833333333336,0.053385416666666664,0.0,0.0,0.0,0.0,0.0013020833333333333
0.041666666666666664,0.18489583333333334,0.01953125,0.11588541666666667,0.0026041666666666665,0.049479166666666664,0.0,0.0,0.0013020833333333333,0.0,0.0,0.045572916666666664,0.044270833333333336,0.07682291666666667,0.0013020833333333333,0.0234375,0.12109375,0.033854166666666664,0.0026041666666666665,0.06640625,0.0078125,0.006510416666666667,0.0,0.0,0.0013020833333333333,0.0013020833333333333,0.020833333333333332,0.125,0.0,0.0,0.0,0.006510416666666667
0.0,0.0026041666666666665,0.005208333333333333,0.014322916666666666,0.04296875,0.049479166666666664,0.005208333333333333,0.009114583333333334,0.05859375,0.016927083333333332,0.0,0.015625,0.0,0.018229166666666668,0.0013020833333333333,0.09895833333333333,0.06640625,0.020833333333333332,0.15885416666666666,0.052083333333333336,0.033854166666666664,0.026041666666666668,0.014322916666666666,0.0,0.0,0.018229166666666668,0.04296875,0.19661458333333334,0.0,0.03125,0.0,0.0
0.0,0.0013020833333333333,0.024739583333333332,0.09114583333333333,0.0013020833333333333,0.16927083333333334,0.00390625,0.0,0.006510416666666667,0.0,0.029947916666666668,0.016927083333333332,0.0,0.0,0.0,0.0026041666666666665,0.4752604166666667,0.00390625,0.016927083333333332,0.01171875,0.0078125,0.009114583333333334,0.045572916666666664,0.049479166666666664,0.0,0.009114583333333334,0.016927083333333332,0.006510416666666667,0.0,0.0,0.0,0.0
0.018229166666666668,0.6119791666666666,0.01171875,0.009114583333333334,0.0,0.08984375,0.032552083333333336,0.0026041666666666665,0.041666666666666664,0.0,0.0,0.01953125,0.0,0.013020833333333334,0.009114583333333334,0.028645833333333332,0.0,0.016927083333333332,0.0013020833333333333,0.0,0.0,0.045572916666666664,0.022135416666666668,0.0,0.0,0.015625,0.010416666666666666,0.0,0.0,0.0,0.0,0.0
0.0,0.10976021614319487,0.002364066193853428,0.002026342451874367,0.031746031746031744,0.002026342451874367,0.03546099290780142,0.025667004390408647,0.05538669368456602,0.0016886187098953055,0.004052684903748734,0.005065856129685917,0.007767646065518406,0.04930766632894292,0.01182033096926714,0.031070584262073625,0.28537656197230665,0.0037149611617696724,0.041202296521445456,0.019925700776764605,0.03883823032759203,0.0070921985815602835,0.07767646065518406,0.03546099290780142,0.05200945626477541,0.016548463356973995,0.009456264775413711,0.029044241810199257,0.0,0.00033772374197906115,0.0,0.008105369807497468
